{
 "exposure": 0.057475,
 "contrast": 2.06763,
 "saturation": 1.202777,
 "gamma": 1.019477,
 "tonemap": 1
}