{
 "exposure": -0.252874,
 "contrast": 1.604926,
 "saturation": 0,
 "gamma": 2.162069,
 "tonemap": 1
}