{
 "exposure": -0.438614,
 "contrast": 1.821381,
 "saturation": 0.988528,
 "gamma": 1.892629,
 "tonemap": 1,
 "ssao": 0.823773,
 "dilate_separation": 3.636807,
 "dilate_size": 2,
 "dilate_min": 0.136279,
 "dilate_max": 0.45155,
 "dof_blur_size": 2,
 "dof_min": 3.234074,
 "dof_max": 8.339435,
 "dof_point": 5.979985,
 "bloom_size": 3,
 "bloom_separation": 2.562851,
 "bloom_treshold": 0.732243,
 "bloom_amount": 0.762753
}